id,idDate,idProduct,idSale,quantity,discount,stockDevelop
1,1,1,0,16.0,0.16,154.0
2,2,1,0,15.0,0.19,139.0
3,3,1,0,11.0,0.14,128.0
4,4,1,0,17.0,0.07,111.0
5,5,1,0,15.0,0.33,96.0
6,6,1,0,20.0,0.11,76.0
7,7,1,0,17.0,0.11,59.0
8,8,1,0,17.0,0.13,42.0
9,9,1,0,18.0,0.36,24.0
10,10,1,0,12.0,0.15,12.0
11,11,1,0,12.0,0.14,170.0
12,12,1,0,13.0,0.02,157.0
13,13,1,0,14.0,0.23,143.0
14,14,1,0,17.0,0.28,126.0
15,15,1,0,17.0,0.18,109.0
16,16,1,0,15.0,0.09,94.0
17,17,1,0,14.0,0.16,80.0
18,18,1,0,18.0,0.08,62.0
19,19,1,0,17.0,0.29,45.0
20,20,1,0,18.0,0.19,27.0
21,21,1,0,17.0,0.16,180.0
22,22,1,0,15.0,0.03,165.0
23,23,1,0,16.0,0.23,149.0
24,24,1,0,16.0,0.17,133.0
25,25,1,0,16.0,0.16,117.0
26,26,1,0,11.0,0.23,106.0
27,27,1,0,18.0,0.28,88.0
28,28,1,0,15.0,0.19,73.0
29,29,1,0,14.0,0.2,59.0
30,30,1,0,14.0,0.28,45.0
31,31,1,0,16.0,0.12,199.0
32,32,1,0,17.0,0.24,182.0
33,33,1,0,15.0,0.29,167.0
34,34,1,0,18.0,0.21,149.0
35,35,1,0,15.0,0.29,134.0
36,36,1,0,16.0,0.09,118.0
37,37,1,0,18.0,0.04,100.0
38,38,1,0,18.0,0.18,82.0
39,39,1,0,17.0,0.05,65.0
40,40,1,0,19.0,0.21,46.0
41,41,1,0,13.0,0.12,203.0
42,42,1,0,16.0,0.14,187.0
43,43,1,0,12.0,0.02,175.0
44,44,1,0,16.0,0.02,159.0
45,45,1,0,15.0,0.15,144.0
46,46,1,0,14.0,0.37,130.0
47,47,1,0,12.0,0.44,118.0
48,48,1,0,20.0,0.0,98.0
49,49,1,0,14.0,0.17,84.0
50,50,1,0,15.0,0.01,69.0
51,51,1,0,15.0,0.14,224.0
52,52,1,0,17.0,0.03,207.0
53,53,1,0,13.0,0.15,194.0
54,54,1,0,11.0,0.15,183.0
55,55,1,0,16.0,0.1,167.0
56,56,1,0,17.0,0.33,150.0
57,57,1,0,16.0,0.06,134.0
58,58,1,0,16.0,0.28,118.0
59,59,1,0,11.0,0.16,107.0
60,60,1,0,15.0,0.26,92.0
61,61,1,0,15.0,0.07,247.0
62,62,1,0,15.0,0.25,232.0
63,63,1,0,14.0,0.17,218.0
64,64,1,0,15.0,0.14,203.0
65,65,1,0,13.0,0.04,190.0
66,66,1,0,15.0,0.15,175.0
67,67,1,0,15.0,0.15,160.0
68,68,1,0,14.0,0.13,146.0
69,69,1,0,13.0,0.27,133.0
70,70,1,0,13.0,0.19,120.0
71,71,1,0,14.0,0.0,276.0
72,72,1,0,18.0,0.16,258.0
73,73,1,0,17.0,0.07,241.0
74,74,1,0,16.0,0.2,225.0
75,75,1,0,17.0,0.19,208.0
76,76,1,0,14.0,0.06,194.0
77,77,1,0,13.0,0.28,181.0
78,78,1,0,15.0,0.12,166.0
79,79,1,0,14.0,0.16,152.0
80,80,1,0,17.0,0.12,135.0
81,81,1,0,12.0,0.32,293.0
82,82,1,0,14.0,0.3,279.0
83,83,1,0,14.0,0.08,265.0
84,84,1,0,13.0,0.19,252.0
85,85,1,0,17.0,0.25,235.0
86,86,1,0,17.0,0.18,218.0
87,87,1,0,15.0,0.19,203.0
88,88,1,0,15.0,0.45,188.0
89,89,1,0,14.0,0.14,174.0
90,90,1,0,15.0,0.07,159.0
91,91,1,0,13.0,0.25,316.0
92,92,1,0,15.0,0.17,301.0
93,93,1,0,12.0,0.13,289.0
94,94,1,0,16.0,0.23,273.0
95,95,1,0,13.0,0.19,260.0
96,96,1,0,14.0,0.31,246.0
97,97,1,0,14.0,0.14,232.0
98,98,1,0,16.0,0.08,216.0
99,99,1,0,18.0,0.09,198.0
100,100,1,0,18.0,0.1,180.0
101,101,1,0,16.0,0.17,334.0
102,102,1,0,13.0,0.38,321.0
103,103,1,0,13.0,0.07,308.0
104,104,1,0,15.0,0.22,293.0
105,105,1,0,15.0,0.25,278.0
106,106,1,0,15.0,0.13,263.0
107,107,1,0,13.0,0.05,250.0
108,108,1,0,15.0,0.03,235.0
109,109,1,0,16.0,0.08,219.0
110,110,1,0,15.0,0.29,204.0
111,111,1,0,13.0,0.1,361.0
112,112,1,0,16.0,0.17,345.0
113,113,1,0,16.0,0.14,329.0
114,114,1,0,19.0,0.01,310.0
115,115,1,0,11.0,0.23,299.0
116,116,1,0,16.0,0.11,283.0
117,117,1,0,18.0,0.34,265.0
118,118,1,0,16.0,0.18,249.0
119,119,1,0,17.0,0.14,232.0
120,120,1,0,14.0,0.14,218.0
121,121,1,0,14.0,0.07,374.0
122,122,1,0,16.0,0.12,358.0
123,123,1,0,17.0,0.35,341.0
124,124,1,0,16.0,0.02,325.0
125,125,1,0,16.0,0.09,309.0
126,126,1,0,16.0,0.02,293.0
127,127,1,0,18.0,0.17,275.0
128,128,1,0,15.0,0.31,260.0
129,129,1,0,13.0,0.05,247.0
130,130,1,0,18.0,0.24,229.0
131,131,1,0,14.0,0.19,385.0
132,132,1,0,15.0,0.09,370.0
133,133,1,0,13.0,0.22,357.0
134,134,1,0,16.0,0.22,341.0
135,135,1,0,14.0,0.15,327.0
136,136,1,0,14.0,0.09,313.0
137,137,1,0,16.0,0.1,297.0
138,138,1,0,11.0,0.04,286.0
139,139,1,0,15.0,0.18,271.0
140,140,1,0,12.0,0.15,259.0
141,141,1,0,17.0,0.13,412.0
142,142,1,0,14.0,0.03,398.0
143,143,1,0,14.0,0.13,384.0
144,144,1,0,17.0,0.14,367.0
145,145,1,0,18.0,0.15,349.0
146,146,1,0,13.0,0.05,336.0
147,147,1,0,17.0,0.13,319.0
148,148,1,0,13.0,0.2,306.0
149,149,1,0,17.0,0.1,289.0
150,150,1,0,14.0,0.14,275.0
151,151,1,0,15.0,0.19,430.0
152,152,1,0,19.0,0.17,411.0
153,153,1,0,18.0,0.27,393.0
154,154,1,0,15.0,0.02,378.0
155,155,1,0,15.0,0.26,363.0
156,156,1,0,17.0,0.15,346.0
157,157,1,0,15.0,0.09,331.0
158,158,1,0,16.0,0.24,315.0
159,159,1,0,17.0,0.14,298.0
160,160,1,0,15.0,0.25,283.0
161,161,1,0,17.0,0.13,436.0
162,162,1,0,16.0,0.18,420.0
163,163,1,0,14.0,0.07,406.0
164,164,1,0,7.0,0.2,399.0
165,165,1,0,18.0,0.1,381.0
166,166,1,0,17.0,0.23,364.0
167,167,1,0,11.0,0.11,353.0
168,168,1,0,13.0,0.09,340.0
169,169,1,0,12.0,0.11,328.0
170,170,1,0,17.0,0.27,311.0
171,171,1,0,15.0,0.0,466.0
172,172,1,0,14.0,0.15,452.0
173,173,1,0,14.0,0.18,438.0
174,174,1,0,11.0,0.06,427.0
175,175,1,0,13.0,0.02,414.0
176,176,1,0,17.0,0.11,397.0
177,177,1,0,16.0,0.19,381.0
178,178,1,0,16.0,0.26,365.0
179,179,1,0,17.0,0.22,348.0
180,180,1,0,12.0,0.12,336.0
181,181,1,0,15.0,0.14,491.0
182,182,1,0,17.0,0.07,474.0
183,183,1,0,19.0,0.07,455.0
184,184,1,0,15.0,0.21,440.0
185,185,1,0,17.0,0.09,423.0
186,186,1,0,16.0,0.02,407.0
187,187,1,0,16.0,0.19,391.0
188,188,1,0,19.0,0.11,372.0
189,189,1,0,14.0,0.16,358.0
190,190,1,0,17.0,0.26,341.0
191,191,1,0,14.0,0.08,497.0
192,192,1,0,12.0,0.32,485.0
193,193,1,0,15.0,0.17,470.0
194,194,1,0,14.0,0.2,456.0
195,195,1,0,15.0,0.17,441.0
196,196,1,0,13.0,0.15,428.0
197,197,1,0,14.0,0.1,414.0
198,198,1,0,16.0,0.05,398.0
199,199,1,0,16.0,0.05,382.0
200,200,1,0,16.0,0.06,366.0
201,201,1,0,12.0,0.07,524.0
202,202,1,0,16.0,0.25,508.0
203,203,1,0,12.0,0.1,496.0
204,204,1,0,17.0,0.15,479.0
205,205,1,0,14.0,0.04,465.0
206,206,1,0,13.0,0.21,452.0
207,207,1,0,14.0,0.2,438.0
208,208,1,0,17.0,0.06,421.0
209,209,1,0,15.0,0.19,406.0
210,210,1,0,15.0,0.02,391.0
211,211,1,0,17.0,0.0,544.0
212,212,1,0,15.0,0.2,529.0
213,213,1,0,16.0,0.1,513.0
214,214,1,0,19.0,0.16,494.0
215,215,1,0,12.0,0.01,482.0
216,216,1,0,13.0,0.17,469.0
217,217,1,0,16.0,0.2,453.0
218,218,1,0,11.0,0.18,442.0
219,219,1,0,14.0,0.07,428.0
220,220,1,0,16.0,0.11,412.0
221,221,1,0,12.0,0.02,570.0
222,222,1,0,13.0,0.03,557.0
223,223,1,0,12.0,0.03,545.0
224,224,1,0,10.0,0.01,535.0
225,225,1,0,12.0,0.13,523.0
226,226,1,0,12.0,0.2,511.0
227,227,1,0,13.0,0.2,498.0
228,228,1,0,14.0,0.27,484.0
229,229,1,0,17.0,0.06,467.0
230,230,1,0,14.0,0.32,453.0
231,231,1,0,14.0,0.17,609.0
232,232,1,0,14.0,0.29,595.0
233,233,1,0,15.0,0.16,580.0
234,234,1,0,18.0,0.05,562.0
235,235,1,0,15.0,0.05,547.0
236,236,1,0,16.0,0.23,531.0
237,237,1,0,16.0,0.03,515.0
238,238,1,0,16.0,0.22,499.0
239,239,1,0,13.0,0.27,486.0
240,240,1,0,14.0,0.16,472.0
241,241,1,0,17.0,0.03,625.0
242,242,1,0,15.0,0.25,610.0
243,243,1,0,17.0,0.18,593.0
244,244,1,0,16.0,0.16,577.0
245,245,1,0,14.0,0.26,563.0
246,246,1,0,16.0,0.11,547.0
247,247,1,0,12.0,0.13,535.0
248,248,1,0,18.0,0.09,517.0
249,249,1,0,15.0,0.11,502.0
250,250,1,0,12.0,0.3,490.0
251,251,1,0,16.0,0.11,644.0
252,252,1,0,13.0,0.05,631.0
253,253,1,0,16.0,0.19,615.0
254,254,1,0,17.0,0.24,598.0
255,255,1,0,13.0,0.33,585.0
256,256,1,0,14.0,0.03,571.0
257,257,1,0,16.0,0.28,555.0
258,258,1,0,14.0,0.03,541.0
259,259,1,0,15.0,0.11,526.0
260,260,1,0,13.0,0.12,513.0
261,261,1,0,15.0,0.1,668.0
262,262,1,0,17.0,0.22,651.0
263,263,1,0,14.0,0.17,637.0
264,264,1,0,13.0,0.26,624.0
265,265,1,0,16.0,0.25,608.0
266,266,1,0,14.0,0.1,594.0
267,267,1,0,18.0,0.16,576.0
268,268,1,0,17.0,0.14,559.0
269,269,1,0,19.0,0.2,540.0
270,270,1,0,15.0,0.05,525.0
271,271,1,0,13.0,0.24,682.0
272,272,1,0,12.0,0.25,670.0
273,273,1,0,15.0,0.23,655.0
274,274,1,0,17.0,0.02,638.0
275,275,1,0,16.0,0.08,622.0
276,276,1,0,17.0,0.11,605.0
277,277,1,0,14.0,0.24,591.0
278,278,1,0,14.0,0.08,577.0
279,279,1,0,14.0,0.12,563.0
280,280,1,0,11.0,0.27,552.0
281,281,1,0,17.0,0.11,705.0
282,282,1,0,18.0,0.06,687.0
283,283,1,0,13.0,0.36,674.0
284,284,1,0,16.0,0.26,658.0
285,285,1,0,12.0,0.16,646.0
286,286,1,0,15.0,0.13,631.0
287,287,1,0,14.0,0.25,617.0
288,288,1,0,17.0,0.24,600.0
289,289,1,0,17.0,0.15,583.0
290,290,1,0,16.0,0.27,567.0
291,291,1,0,13.0,0.17,724.0
292,292,1,0,19.0,0.09,705.0
293,293,1,0,16.0,0.18,689.0
294,294,1,0,16.0,0.07,673.0
295,295,1,0,14.0,0.21,659.0
296,296,1,0,17.0,0.17,642.0
297,297,1,0,13.0,0.01,629.0
298,298,1,0,17.0,0.1,612.0
299,299,1,0,17.0,0.11,595.0
300,300,1,0,17.0,0.22,578.0
301,301,1,0,18.0,0.19,730.0
302,302,1,0,14.0,0.03,716.0
303,303,1,0,15.0,0.21,701.0
304,304,1,0,17.0,0.15,684.0
305,305,1,0,18.0,0.18,666.0
306,306,1,0,15.0,0.1,651.0
307,307,1,0,19.0,0.17,632.0
308,308,1,0,14.0,0.31,618.0
309,309,1,0,13.0,0.17,605.0
310,310,1,0,13.0,0.16,592.0
311,311,1,0,16.0,0.13,746.0
312,312,1,0,13.0,0.13,733.0
313,313,1,0,15.0,0.33,718.0
314,314,1,0,15.0,0.13,703.0
315,315,1,0,16.0,0.02,687.0
316,316,1,0,14.0,0.07,673.0
317,317,1,0,19.0,0.07,654.0
318,318,1,0,20.0,0.29,634.0
319,319,1,0,16.0,0.32,618.0
320,320,1,0,15.0,0.21,603.0
321,321,1,0,16.0,0.2,757.0
322,322,1,0,15.0,0.09,742.0
323,323,1,0,15.0,0.18,727.0
324,324,1,0,16.0,0.16,711.0
325,325,1,0,13.0,0.07,698.0
326,326,1,0,15.0,0.11,683.0
327,327,1,0,14.0,0.28,669.0
328,328,1,0,16.0,0.18,653.0
329,329,1,0,17.0,0.14,636.0
330,330,1,0,19.0,0.2,617.0
331,331,1,0,13.0,0.35,774.0
332,332,1,0,14.0,0.16,760.0
333,333,1,0,15.0,0.15,745.0
334,334,1,0,13.0,0.18,732.0
335,335,1,0,14.0,0.05,718.0
336,336,1,0,17.0,0.02,701.0
337,337,1,0,16.0,0.23,685.0
338,338,1,0,16.0,0.05,669.0
339,339,1,0,16.0,0.26,653.0
340,340,1,0,13.0,0.12,640.0
341,341,1,0,15.0,0.15,795.0
342,342,1,0,15.0,0.33,780.0
343,343,1,0,14.0,0.22,766.0
344,344,1,0,15.0,0.3,751.0
345,345,1,0,16.0,0.14,735.0
346,346,1,0,16.0,0.27,719.0
347,347,1,0,15.0,0.07,704.0
348,348,1,0,17.0,0.0,687.0
349,349,1,0,13.0,0.16,674.0
350,350,1,0,16.0,0.13,658.0
351,351,1,0,13.0,0.08,815.0
352,352,1,0,17.0,0.04,798.0
353,353,1,0,14.0,0.09,784.0
354,354,1,0,15.0,0.23,769.0
355,355,1,0,17.0,0.08,752.0
356,356,1,0,16.0,0.18,736.0
357,357,1,0,19.0,0.25,717.0
358,358,1,0,18.0,0.23,699.0
359,359,1,0,17.0,0.15,682.0
360,360,1,0,15.0,0.08,667.0
361,361,1,0,14.0,0.22,823.0
362,362,1,0,14.0,0.08,809.0
363,363,1,0,16.0,0.18,793.0
364,364,1,0,17.0,0.12,776.0
365,365,1,0,18.0,0.17,758.0
366,366,1,0,11.0,0.08,747.0
367,367,1,0,15.0,0.12,732.0
368,368,1,0,15.0,0.14,717.0
369,369,1,0,21.0,0.11,696.0
370,370,1,0,16.0,0.17,680.0
371,1,2,1,9.0,0.1,741.0
372,2,2,1,8.0,0.22,733.0
373,3,2,1,8.0,0.19,725.0
374,4,2,1,7.0,0.18,718.0
375,5,2,1,8.0,0.18,710.0
376,6,2,1,7.0,0.05,703.0
377,7,2,1,8.0,0.14,695.0
378,8,2,1,8.0,0.29,687.0
379,9,2,1,5.0,0.17,682.0
380,10,2,1,8.0,0.27,674.0
381,11,2,1,8.0,0.02,736.0
382,12,2,1,7.0,0.02,729.0
383,13,2,1,8.0,0.31,721.0
384,14,2,1,7.0,0.15,714.0
385,15,2,1,9.0,0.17,705.0
386,16,2,1,6.0,0.11,699.0
387,17,2,1,10.0,0.3,689.0
388,18,2,1,9.0,0.17,680.0
389,19,2,1,8.0,0.2,672.0
390,20,2,1,10.0,0.21,662.0
391,21,2,1,8.0,0.13,724.0
392,22,2,1,8.0,0.2,716.0
393,23,2,1,7.0,0.0,709.0
394,24,2,1,8.0,0.13,701.0
395,25,2,1,7.0,0.08,694.0
396,26,2,1,10.0,0.06,684.0
397,27,2,1,9.0,0.1,675.0
398,28,2,1,8.0,0.04,667.0
399,29,2,1,7.0,0.13,660.0
400,30,2,1,8.0,0.23,652.0
401,31,2,1,10.0,0.2,712.0
402,32,2,1,8.0,0.19,704.0
403,33,2,1,8.0,0.16,696.0
404,34,2,1,10.0,0.1,686.0
405,35,2,1,7.0,0.19,679.0
406,36,2,1,8.0,0.11,671.0
407,37,2,1,6.0,0.05,665.0
408,38,2,1,9.0,0.17,656.0
409,39,2,1,8.0,0.08,648.0
410,40,2,1,8.0,0.07,640.0
411,41,2,1,8.0,0.18,702.0
412,42,2,1,7.0,0.25,695.0
413,43,2,1,9.0,0.2,686.0
414,44,2,1,9.0,0.24,677.0
415,45,2,1,6.0,0.08,671.0
416,46,2,1,9.0,0.27,662.0
417,47,2,1,10.0,0.21,652.0
418,48,2,1,10.0,0.01,642.0
419,49,2,1,8.0,0.28,634.0
420,50,2,1,8.0,0.04,626.0
421,51,2,1,8.0,0.18,688.0
422,52,2,1,8.0,0.21,680.0
423,53,2,1,8.0,0.03,672.0
424,54,2,1,10.0,0.17,662.0
425,55,2,1,8.0,0.18,654.0
426,56,2,1,9.0,0.04,645.0
427,57,2,1,8.0,0.05,637.0
428,58,2,1,7.0,0.23,630.0
429,59,2,1,8.0,0.12,622.0
430,60,2,1,8.0,0.27,614.0
431,61,2,1,8.0,0.03,676.0
432,62,2,1,9.0,0.29,667.0
433,63,2,1,7.0,0.22,660.0
434,64,2,1,8.0,0.23,652.0
435,65,2,1,9.0,0.08,643.0
436,66,2,1,9.0,0.29,634.0
437,67,2,1,8.0,0.19,626.0
438,68,2,1,8.0,0.12,618.0
439,69,2,1,8.0,0.18,610.0
440,70,2,1,7.0,0.16,603.0
441,71,2,1,7.0,0.26,666.0
442,72,2,1,8.0,0.34,658.0
443,73,2,1,9.0,0.19,649.0
444,74,2,1,7.0,0.03,642.0
445,75,2,1,8.0,0.18,634.0
446,76,2,1,10.0,0.22,624.0
447,77,2,1,6.0,0.09,618.0
448,78,2,1,9.0,0.29,609.0
449,79,2,1,7.0,0.13,602.0
450,80,2,1,7.0,0.22,595.0
451,81,2,1,7.0,0.07,658.0
452,82,2,1,8.0,0.12,650.0
453,83,2,1,8.0,0.17,642.0
454,84,2,1,8.0,0.26,634.0
455,85,2,1,6.0,0.18,628.0
456,86,2,1,8.0,0.28,620.0
457,87,2,1,8.0,0.12,612.0
458,88,2,1,7.0,0.26,605.0
459,89,2,1,9.0,0.15,596.0
460,90,2,1,8.0,0.27,588.0
461,91,2,1,8.0,0.22,650.0
462,92,2,1,9.0,0.11,641.0
463,93,2,1,7.0,0.2,634.0
464,94,2,1,7.0,0.29,627.0
465,95,2,1,7.0,0.21,620.0
466,96,2,1,8.0,0.15,612.0
467,97,2,1,8.0,0.18,604.0
468,98,2,1,8.0,0.22,596.0
469,99,2,1,6.0,0.32,590.0
470,100,2,1,8.0,0.18,582.0
471,101,2,1,9.0,0.05,643.0
472,102,2,1,8.0,0.27,635.0
473,103,2,1,6.0,0.02,629.0
474,104,2,1,9.0,0.04,620.0
475,105,2,1,7.0,0.32,613.0
476,106,2,1,8.0,0.1,605.0
477,107,2,1,8.0,0.25,597.0
478,108,2,1,7.0,0.14,590.0
479,109,2,1,8.0,0.34,582.0
480,110,2,1,8.0,0.2,574.0
481,111,2,1,9.0,0.23,635.0
482,112,2,1,7.0,0.34,628.0
483,113,2,1,7.0,0.3,621.0
484,114,2,1,9.0,0.23,612.0
485,115,2,1,8.0,0.14,604.0
486,116,2,1,8.0,0.2,596.0
487,117,2,1,8.0,0.07,588.0
488,118,2,1,8.0,0.17,580.0
489,119,2,1,7.0,0.04,573.0
490,120,2,1,10.0,0.2,563.0
491,121,2,1,7.0,0.15,626.0
492,122,2,1,9.0,0.01,617.0
493,123,2,1,8.0,0.17,609.0
494,124,2,1,7.0,0.12,602.0
495,125,2,1,9.0,0.25,593.0
496,126,2,1,9.0,0.2,584.0
497,127,2,1,8.0,0.19,576.0
498,128,2,1,8.0,0.26,568.0
499,129,2,1,7.0,0.03,561.0
500,130,2,1,8.0,0.15,553.0
501,131,2,1,8.0,0.18,615.0
502,132,2,1,8.0,0.28,607.0
503,133,2,1,8.0,0.04,599.0
504,134,2,1,8.0,0.09,591.0
505,135,2,1,9.0,0.17,582.0
506,136,2,1,8.0,0.12,574.0
507,137,2,1,7.0,0.2,567.0
508,138,2,1,8.0,0.14,559.0
509,139,2,1,7.0,0.15,552.0
510,140,2,1,9.0,0.24,543.0
511,141,2,1,8.0,0.03,605.0
512,142,2,1,9.0,0.14,596.0
513,143,2,1,7.0,0.23,589.0
514,144,2,1,9.0,0.15,580.0
515,145,2,1,8.0,0.12,572.0
516,146,2,1,9.0,0.1,563.0
517,147,2,1,8.0,0.23,555.0
518,148,2,1,9.0,0.22,546.0
519,149,2,1,6.0,0.18,540.0
520,150,2,1,10.0,0.06,530.0
521,151,2,1,6.0,0.1,594.0
522,152,2,1,8.0,0.35,586.0
523,153,2,1,9.0,0.14,577.0
524,154,2,1,10.0,0.15,567.0
525,155,2,1,8.0,0.12,559.0
526,156,2,1,8.0,0.14,551.0
527,157,2,1,8.0,0.06,543.0
528,158,2,1,8.0,0.06,535.0
529,159,2,1,8.0,0.16,527.0
530,160,2,1,7.0,0.24,520.0
531,161,2,1,9.0,0.29,581.0
532,162,2,1,7.0,0.1,574.0
533,163,2,1,8.0,0.05,566.0
534,164,2,1,7.0,0.07,559.0
535,165,2,1,9.0,0.21,550.0
536,166,2,1,7.0,0.21,543.0
537,167,2,1,6.0,0.14,537.0
538,168,2,1,8.0,0.3,529.0
539,169,2,1,9.0,0.09,520.0
540,170,2,1,7.0,0.19,513.0
541,171,2,1,7.0,0.06,576.0
542,172,2,1,8.0,0.07,568.0
543,173,2,1,8.0,0.16,560.0
544,174,2,1,7.0,0.12,553.0
545,175,2,1,10.0,0.06,543.0
546,176,2,1,7.0,0.04,536.0
547,177,2,1,9.0,0.29,527.0
548,178,2,1,7.0,0.17,520.0
549,179,2,1,7.0,0.15,513.0
550,180,2,1,9.0,0.15,504.0
551,181,2,1,7.0,0.12,567.0
552,182,2,1,7.0,0.11,560.0
553,183,2,1,9.0,0.01,551.0
554,184,2,1,8.0,0.04,543.0
555,185,2,1,8.0,0.25,535.0
556,186,2,1,8.0,0.15,527.0
557,187,2,1,8.0,0.43,519.0
558,188,2,1,7.0,0.12,512.0
559,189,2,1,9.0,0.31,503.0
560,190,2,1,7.0,0.16,496.0
561,191,2,1,9.0,0.04,557.0
562,192,2,1,9.0,0.22,548.0
563,193,2,1,9.0,0.02,539.0
564,194,2,1,8.0,0.37,531.0
565,195,2,1,9.0,0.31,522.0
566,196,2,1,7.0,0.3,515.0
567,197,2,1,7.0,0.03,508.0
568,198,2,1,9.0,0.16,499.0
569,199,2,1,7.0,0.24,492.0
570,200,2,1,8.0,0.23,484.0
571,201,2,1,8.0,0.27,546.0
572,202,2,1,7.0,0.17,539.0
573,203,2,1,8.0,0.15,531.0
574,204,2,1,8.0,0.13,523.0
575,205,2,1,7.0,0.14,516.0
576,206,2,1,8.0,0.22,508.0
577,207,2,1,8.0,0.17,500.0
578,208,2,1,6.0,0.05,494.0
579,209,2,1,8.0,0.27,486.0
580,210,2,1,8.0,0.18,478.0
581,211,2,1,7.0,0.01,541.0
582,212,2,1,8.0,0.06,533.0
583,213,2,1,8.0,0.17,525.0
584,214,2,1,9.0,0.1,516.0
585,215,2,1,7.0,0.25,509.0
586,216,2,1,8.0,0.07,501.0
587,217,2,1,8.0,0.23,493.0
588,218,2,1,10.0,0.17,483.0
589,219,2,1,6.0,0.06,477.0
590,220,2,1,8.0,0.06,469.0
591,221,2,1,8.0,0.16,531.0
592,222,2,1,9.0,0.4,522.0
593,223,2,1,9.0,0.22,513.0
594,224,2,1,9.0,0.16,504.0
595,225,2,1,7.0,0.12,497.0
596,226,2,1,7.0,0.07,490.0
597,227,2,1,8.0,0.13,482.0
598,228,2,1,8.0,0.06,474.0
599,229,2,1,9.0,0.27,465.0
600,230,2,1,8.0,0.12,457.0
601,231,2,1,8.0,0.3,519.0
602,232,2,1,8.0,0.16,511.0
603,233,2,1,9.0,0.4,502.0
604,234,2,1,10.0,0.22,492.0
605,235,2,1,7.0,0.21,485.0
606,236,2,1,8.0,0.26,477.0
607,237,2,1,7.0,0.08,470.0
608,238,2,1,8.0,0.21,462.0
609,239,2,1,7.0,0.17,455.0
610,240,2,1,7.0,0.32,448.0
611,241,2,1,7.0,0.14,511.0
612,242,2,1,8.0,0.13,503.0
613,243,2,1,9.0,0.01,494.0
614,244,2,1,8.0,0.01,486.0
615,245,2,1,8.0,0.3,478.0
616,246,2,1,7.0,0.13,471.0
617,247,2,1,8.0,0.15,463.0
618,248,2,1,10.0,0.25,453.0
619,249,2,1,7.0,0.37,446.0
620,250,2,1,8.0,0.1,438.0
621,251,2,1,8.0,0.12,500.0
622,252,2,1,7.0,0.22,493.0
623,253,2,1,9.0,0.12,484.0
624,254,2,1,9.0,0.18,475.0
625,255,2,1,10.0,0.05,465.0
626,256,2,1,8.0,0.05,457.0
627,257,2,1,8.0,0.11,449.0
628,258,2,1,8.0,0.17,441.0
629,259,2,1,9.0,0.28,432.0
630,260,2,1,9.0,0.25,423.0
631,261,2,1,7.0,0.07,486.0
632,262,2,1,7.0,0.25,479.0
633,263,2,1,8.0,0.26,471.0
634,264,2,1,9.0,0.16,462.0
635,265,2,1,8.0,0.1,454.0
636,266,2,1,7.0,0.11,447.0
637,267,2,1,8.0,0.28,439.0
638,268,2,1,8.0,0.35,431.0
639,269,2,1,9.0,0.12,422.0
640,270,2,1,9.0,0.03,413.0
641,271,2,1,9.0,0.03,474.0
642,272,2,1,8.0,0.02,466.0
643,273,2,1,6.0,0.06,460.0
644,274,2,1,7.0,0.09,453.0
645,275,2,1,8.0,0.11,445.0
646,276,2,1,7.0,0.12,438.0
647,277,2,1,9.0,0.21,429.0
648,278,2,1,9.0,0.23,420.0
649,279,2,1,8.0,0.19,412.0
650,280,2,1,9.0,0.24,403.0
651,281,2,1,9.0,0.07,464.0
652,282,2,1,8.0,0.26,456.0
653,283,2,1,9.0,0.21,447.0
654,284,2,1,7.0,0.28,440.0
655,285,2,1,9.0,0.11,431.0
656,286,2,1,8.0,0.29,423.0
657,287,2,1,7.0,0.15,416.0
658,288,2,1,6.0,0.3,410.0
659,289,2,1,9.0,0.04,401.0
660,290,2,1,7.0,0.23,394.0
661,291,2,1,9.0,0.17,455.0
662,292,2,1,9.0,0.04,446.0
663,293,2,1,7.0,0.12,439.0
664,294,2,1,9.0,0.07,430.0
665,295,2,1,9.0,0.19,421.0
666,296,2,1,9.0,0.19,412.0
667,297,2,1,7.0,0.27,405.0
668,298,2,1,10.0,0.15,395.0
669,299,2,1,10.0,0.23,385.0
670,300,2,1,8.0,0.17,377.0
671,301,2,1,8.0,0.39,439.0
672,302,2,1,9.0,0.18,430.0
673,303,2,1,9.0,0.01,421.0
674,304,2,1,8.0,0.13,413.0
675,305,2,1,8.0,0.22,405.0
676,306,2,1,9.0,0.34,396.0
677,307,2,1,8.0,0.2,388.0
678,308,2,1,9.0,0.25,379.0
679,309,2,1,9.0,0.17,370.0
680,310,2,1,8.0,0.06,362.0
681,311,2,1,7.0,0.11,425.0
682,312,2,1,8.0,0.01,417.0
683,313,2,1,7.0,0.06,410.0
684,314,2,1,10.0,0.01,400.0
685,315,2,1,9.0,0.27,391.0
686,316,2,1,8.0,0.07,383.0
687,317,2,1,8.0,0.04,375.0
688,318,2,1,7.0,0.25,368.0
689,319,2,1,9.0,0.03,359.0
690,320,2,1,7.0,0.01,352.0
691,321,2,1,9.0,0.22,413.0
692,322,2,1,9.0,0.02,404.0
693,323,2,1,9.0,0.07,395.0
694,324,2,1,8.0,0.22,387.0
695,325,2,1,9.0,0.0,378.0
696,326,2,1,8.0,0.17,370.0
697,327,2,1,9.0,0.29,361.0
698,328,2,1,8.0,0.23,353.0
699,329,2,1,8.0,0.01,345.0
700,330,2,1,9.0,0.13,336.0
701,331,2,1,7.0,0.12,399.0
702,332,2,1,10.0,0.06,389.0
703,333,2,1,8.0,0.14,381.0
704,334,2,1,8.0,0.2,373.0
705,335,2,1,8.0,0.1,365.0
706,336,2,1,8.0,0.15,357.0
707,337,2,1,9.0,0.07,348.0
708,338,2,1,8.0,0.02,340.0
709,339,2,1,7.0,0.13,333.0
710,340,2,1,7.0,0.09,326.0
711,341,2,1,10.0,0.09,386.0
712,342,2,1,7.0,0.02,379.0
713,343,2,1,8.0,0.13,371.0
714,344,2,1,9.0,0.19,362.0
715,345,2,1,9.0,0.14,353.0
716,346,2,1,9.0,0.09,344.0
717,347,2,1,8.0,0.35,336.0
718,348,2,1,7.0,0.26,329.0
719,349,2,1,6.0,0.07,323.0
720,350,2,1,8.0,0.1,315.0
721,351,2,1,7.0,0.23,378.0
722,352,2,1,9.0,0.23,369.0
723,353,2,1,9.0,0.28,360.0
724,354,2,1,7.0,0.2,353.0
725,355,2,1,7.0,0.03,346.0
726,356,2,1,7.0,0.25,339.0
727,357,2,1,9.0,0.21,330.0
728,358,2,1,8.0,0.17,322.0
729,359,2,1,9.0,0.23,313.0
730,360,2,1,9.0,0.27,304.0
731,361,2,1,8.0,0.07,366.0
732,362,2,1,9.0,0.11,357.0
733,363,2,1,9.0,0.0,348.0
734,364,2,1,9.0,0.2,339.0
735,365,2,1,10.0,0.14,329.0
736,366,2,1,8.0,0.05,321.0
737,367,2,1,6.0,0.08,315.0
738,368,2,1,10.0,0.16,305.0
739,369,2,1,8.0,0.13,297.0
740,370,2,1,8.0,0.39,289.0
741,1,3,2,3.0,0.22,316.0
742,2,3,2,3.0,0.07,313.0
743,3,3,2,3.0,0.32,310.0
744,4,3,2,3.0,0.11,307.0
745,5,3,2,3.0,0.13,304.0
746,6,3,2,3.0,0.12,301.0
747,7,3,2,4.0,0.1,297.0
748,8,3,2,3.0,0.04,294.0
749,9,3,2,3.0,0.0,291.0
750,10,3,2,3.0,0.29,288.0
751,11,3,2,3.0,0.01,315.0
752,12,3,2,3.0,0.24,312.0
753,13,3,2,3.0,0.06,309.0
754,14,3,2,3.0,0.32,306.0
755,15,3,2,3.0,0.21,303.0
756,16,3,2,3.0,0.15,300.0
757,17,3,2,3.0,0.23,297.0
758,18,3,2,4.0,0.07,293.0
759,19,3,2,3.0,0.04,290.0
760,20,3,2,3.0,0.13,287.0
761,21,3,2,3.0,0.02,314.0
762,22,3,2,3.0,0.12,311.0
763,23,3,2,3.0,0.36,308.0
764,24,3,2,4.0,0.04,304.0
765,25,3,2,3.0,0.14,301.0
766,26,3,2,3.0,0.13,298.0
767,27,3,2,3.0,0.18,295.0
768,28,3,2,3.0,0.23,292.0
769,29,3,2,3.0,0.15,289.0
770,30,3,2,3.0,0.2,286.0
771,31,3,2,3.0,0.15,313.0
772,32,3,2,3.0,0.19,310.0
773,33,3,2,3.0,0.04,307.0
774,34,3,2,3.0,0.05,304.0
775,35,3,2,3.0,0.01,301.0
776,36,3,2,3.0,0.05,298.0
777,37,3,2,3.0,0.2,295.0
778,38,3,2,3.0,0.16,292.0
779,39,3,2,3.0,0.01,289.0
780,40,3,2,3.0,0.11,286.0
781,41,3,2,3.0,0.09,313.0
782,42,3,2,3.0,0.18,310.0
783,43,3,2,4.0,0.13,306.0
784,44,3,2,3.0,0.15,303.0
785,45,3,2,3.0,0.33,300.0
786,46,3,2,3.0,0.14,297.0
787,47,3,2,3.0,0.1,294.0
788,48,3,2,3.0,0.17,291.0
789,49,3,2,3.0,0.21,288.0
790,50,3,2,3.0,0.12,285.0
791,51,3,2,3.0,0.15,312.0
792,52,3,2,2.0,0.16,310.0
793,53,3,2,3.0,0.36,307.0
794,54,3,2,2.0,0.29,305.0
795,55,3,2,3.0,0.24,302.0
796,56,3,2,3.0,0.11,299.0
797,57,3,2,3.0,0.04,296.0
798,58,3,2,3.0,0.13,293.0
799,59,3,2,3.0,0.03,290.0
800,60,3,2,3.0,0.01,287.0
801,61,3,2,3.0,0.13,314.0
802,62,3,2,3.0,0.16,311.0
803,63,3,2,3.0,0.1,308.0
804,64,3,2,3.0,0.18,305.0
805,65,3,2,3.0,0.12,302.0
806,66,3,2,3.0,0.12,299.0
807,67,3,2,3.0,0.31,296.0
808,68,3,2,3.0,0.05,293.0
809,69,3,2,3.0,0.25,290.0
810,70,3,2,3.0,0.12,287.0
811,71,3,2,3.0,0.18,314.0
812,72,3,2,3.0,0.11,311.0
813,73,3,2,3.0,0.09,308.0
814,74,3,2,2.0,0.05,306.0
815,75,3,2,3.0,0.07,303.0
816,76,3,2,3.0,0.0,300.0
817,77,3,2,3.0,0.18,297.0
818,78,3,2,3.0,0.11,294.0
819,79,3,2,3.0,0.19,291.0
820,80,3,2,3.0,0.12,288.0
821,81,3,2,3.0,0.22,315.0
822,82,3,2,3.0,0.15,312.0
823,83,3,2,3.0,0.25,309.0
824,84,3,2,3.0,0.02,306.0
825,85,3,2,4.0,0.54,302.0
826,86,3,2,2.0,0.12,300.0
827,87,3,2,4.0,0.06,296.0
828,88,3,2,3.0,0.13,293.0
829,89,3,2,3.0,0.12,290.0
830,90,3,2,3.0,0.18,287.0
831,91,3,2,3.0,0.15,314.0
832,92,3,2,3.0,0.15,311.0
833,93,3,2,3.0,0.05,308.0
834,94,3,2,3.0,0.06,305.0
835,95,3,2,3.0,0.26,302.0
836,96,3,2,3.0,0.01,299.0
837,97,3,2,3.0,0.02,296.0
838,98,3,2,3.0,0.13,293.0
839,99,3,2,3.0,0.06,290.0
840,100,3,2,3.0,0.35,287.0
841,101,3,2,3.0,0.15,314.0
842,102,3,2,3.0,0.03,311.0
843,103,3,2,3.0,0.21,308.0
844,104,3,2,3.0,0.06,305.0
845,105,3,2,3.0,0.0,302.0
846,106,3,2,3.0,0.18,299.0
847,107,3,2,3.0,0.19,296.0
848,108,3,2,3.0,0.39,293.0
849,109,3,2,3.0,0.07,290.0
850,110,3,2,3.0,0.35,287.0
851,111,3,2,3.0,0.14,314.0
852,112,3,2,3.0,0.24,311.0
853,113,3,2,3.0,0.15,308.0
854,114,3,2,3.0,0.32,305.0
855,115,3,2,2.0,0.2,303.0
856,116,3,2,3.0,0.06,300.0
857,117,3,2,3.0,0.06,297.0
858,118,3,2,3.0,0.19,294.0
859,119,3,2,3.0,0.05,291.0
860,120,3,2,3.0,0.14,288.0
861,121,3,2,3.0,0.19,315.0
862,122,3,2,3.0,0.12,312.0
863,123,3,2,3.0,0.19,309.0
864,124,3,2,3.0,0.24,306.0
865,125,3,2,3.0,0.24,303.0
866,126,3,2,2.0,0.23,301.0
867,127,3,2,3.0,0.05,298.0
868,128,3,2,3.0,0.08,295.0
869,129,3,2,4.0,0.17,291.0
870,130,3,2,3.0,0.03,288.0
871,131,3,2,3.0,0.11,315.0
872,132,3,2,3.0,0.2,312.0
873,133,3,2,3.0,0.08,309.0
874,134,3,2,3.0,0.31,306.0
875,135,3,2,3.0,0.07,303.0
876,136,3,2,3.0,0.25,300.0
877,137,3,2,3.0,0.16,297.0
878,138,3,2,3.0,0.15,294.0
879,139,3,2,3.0,0.11,291.0
880,140,3,2,3.0,0.12,288.0
881,141,3,2,3.0,0.03,315.0
882,142,3,2,3.0,0.22,312.0
883,143,3,2,3.0,0.16,309.0
884,144,3,2,3.0,0.24,306.0
885,145,3,2,3.0,0.11,303.0
886,146,3,2,3.0,0.29,300.0
887,147,3,2,3.0,0.27,297.0
888,148,3,2,3.0,0.19,294.0
889,149,3,2,3.0,0.06,291.0
890,150,3,2,3.0,0.17,288.0
891,151,3,2,3.0,0.15,315.0
892,152,3,2,3.0,0.24,312.0
893,153,3,2,3.0,0.13,309.0
894,154,3,2,2.0,0.33,307.0
895,155,3,2,3.0,0.23,304.0
896,156,3,2,3.0,0.03,301.0
897,157,3,2,3.0,0.04,298.0
898,158,3,2,3.0,0.12,295.0
899,159,3,2,4.0,0.1,291.0
900,160,3,2,4.0,0.17,287.0
901,161,3,2,3.0,0.31,314.0
902,162,3,2,3.0,0.19,311.0
903,163,3,2,3.0,0.03,308.0
904,164,3,2,3.0,0.17,305.0
905,165,3,2,3.0,0.17,302.0
906,166,3,2,3.0,0.07,299.0
907,167,3,2,3.0,0.13,296.0
908,168,3,2,3.0,0.29,293.0
909,169,3,2,3.0,0.21,290.0
910,170,3,2,3.0,0.03,287.0
911,171,3,2,3.0,0.15,314.0
912,172,3,2,3.0,0.25,311.0
913,173,3,2,3.0,0.16,308.0
914,174,3,2,3.0,0.16,305.0
915,175,3,2,3.0,0.19,302.0
916,176,3,2,4.0,0.21,298.0
917,177,3,2,3.0,0.19,295.0
918,178,3,2,3.0,0.06,292.0
919,179,3,2,3.0,0.3,289.0
920,180,3,2,3.0,0.14,286.0
921,181,3,2,2.0,0.33,314.0
922,182,3,2,3.0,0.21,311.0
923,183,3,2,3.0,0.18,308.0
924,184,3,2,3.0,0.08,305.0
925,185,3,2,3.0,0.17,302.0
926,186,3,2,3.0,0.29,299.0
927,187,3,2,3.0,0.34,296.0
928,188,3,2,3.0,0.18,293.0
929,189,3,2,3.0,0.14,290.0
930,190,3,2,3.0,0.25,287.0
931,191,3,2,3.0,0.15,314.0
932,192,3,2,3.0,0.2,311.0
933,193,3,2,3.0,0.13,308.0
934,194,3,2,3.0,0.14,305.0
935,195,3,2,3.0,0.06,302.0
936,196,3,2,4.0,0.17,298.0
937,197,3,2,3.0,0.05,295.0
938,198,3,2,3.0,0.37,292.0
939,199,3,2,3.0,0.1,289.0
940,200,3,2,3.0,0.04,286.0
941,201,3,2,3.0,0.02,313.0
942,202,3,2,3.0,0.03,310.0
943,203,3,2,2.0,0.05,308.0
944,204,3,2,3.0,0.12,305.0
945,205,3,2,3.0,0.11,302.0
946,206,3,2,3.0,0.26,299.0
947,207,3,2,3.0,0.22,296.0
948,208,3,2,3.0,0.29,293.0
949,209,3,2,3.0,0.2,290.0
950,210,3,2,3.0,0.31,287.0
951,211,3,2,3.0,0.11,314.0
952,212,3,2,3.0,0.15,311.0
953,213,3,2,3.0,0.14,308.0
954,214,3,2,3.0,0.04,305.0
955,215,3,2,3.0,0.01,302.0
956,216,3,2,3.0,0.43,299.0
957,217,3,2,3.0,0.2,296.0
958,218,3,2,3.0,0.24,293.0
959,219,3,2,3.0,0.11,290.0
960,220,3,2,3.0,0.17,287.0
961,221,3,2,3.0,0.21,314.0
962,222,3,2,3.0,0.12,311.0
963,223,3,2,3.0,0.17,308.0
964,224,3,2,3.0,0.18,305.0
965,225,3,2,3.0,0.13,302.0
966,226,3,2,3.0,0.26,299.0
967,227,3,2,4.0,0.08,295.0
968,228,3,2,3.0,0.16,292.0
969,229,3,2,3.0,0.15,289.0
970,230,3,2,3.0,0.22,286.0
971,231,3,2,3.0,0.22,313.0
972,232,3,2,3.0,0.03,310.0
973,233,3,2,3.0,0.26,307.0
974,234,3,2,3.0,0.26,304.0
975,235,3,2,3.0,0.28,301.0
976,236,3,2,3.0,0.12,298.0
977,237,3,2,3.0,0.21,295.0
978,238,3,2,3.0,0.19,292.0
979,239,3,2,2.0,0.24,290.0
980,240,3,2,3.0,0.06,287.0
981,241,3,2,3.0,0.12,314.0
982,242,3,2,3.0,0.14,311.0
983,243,3,2,3.0,0.35,308.0
984,244,3,2,3.0,0.07,305.0
985,245,3,2,3.0,0.23,302.0
986,246,3,2,3.0,0.19,299.0
987,247,3,2,3.0,0.24,296.0
988,248,3,2,3.0,0.03,293.0
989,249,3,2,3.0,0.2,290.0
990,250,3,2,3.0,0.19,287.0
991,251,3,2,3.0,0.21,314.0
992,252,3,2,3.0,0.17,311.0
993,253,3,2,3.0,0.19,308.0
994,254,3,2,3.0,0.21,305.0
995,255,3,2,3.0,0.11,302.0
996,256,3,2,3.0,0.13,299.0
997,257,3,2,3.0,0.04,296.0
998,258,3,2,3.0,0.13,293.0
999,259,3,2,3.0,0.17,290.0
1000,260,3,2,3.0,0.15,287.0
1001,261,3,2,2.0,0.1,315.0
1002,262,3,2,3.0,0.19,312.0
1003,263,3,2,3.0,0.2,309.0
1004,264,3,2,3.0,0.26,306.0
1005,265,3,2,3.0,0.22,303.0
1006,266,3,2,3.0,0.15,300.0
1007,267,3,2,3.0,0.12,297.0
1008,268,3,2,3.0,0.19,294.0
1009,269,3,2,3.0,0.05,291.0
1010,270,3,2,3.0,0.16,288.0
1011,271,3,2,2.0,0.18,316.0
1012,272,3,2,3.0,0.29,313.0
1013,273,3,2,3.0,0.2,310.0
1014,274,3,2,3.0,0.2,307.0
1015,275,3,2,3.0,0.05,304.0
1016,276,3,2,3.0,0.24,301.0
1017,277,3,2,3.0,0.19,298.0
1018,278,3,2,3.0,0.26,295.0
1019,279,3,2,3.0,0.04,292.0
1020,280,3,2,3.0,0.0,289.0
1021,281,3,2,3.0,0.07,316.0
1022,282,3,2,3.0,0.26,313.0
1023,283,3,2,2.0,0.29,311.0
1024,284,3,2,3.0,0.04,308.0
1025,285,3,2,3.0,0.21,305.0
1026,286,3,2,3.0,0.25,302.0
1027,287,3,2,3.0,0.0,299.0
1028,288,3,2,3.0,0.08,296.0
1029,289,3,2,3.0,0.24,293.0
1030,290,3,2,3.0,0.15,290.0
1031,291,3,2,3.0,0.11,317.0
1032,292,3,2,3.0,0.08,314.0
1033,293,3,2,3.0,0.13,311.0
1034,294,3,2,3.0,0.06,308.0
1035,295,3,2,3.0,0.1,305.0
1036,296,3,2,3.0,0.14,302.0
1037,297,3,2,3.0,0.13,299.0
1038,298,3,2,4.0,0.11,295.0
1039,299,3,2,3.0,0.13,292.0
1040,300,3,2,3.0,0.2,289.0
1041,301,3,2,3.0,0.27,316.0
1042,302,3,2,3.0,0.12,313.0
1043,303,3,2,3.0,0.04,310.0
1044,304,3,2,3.0,0.26,307.0
1045,305,3,2,3.0,0.1,304.0
1046,306,3,2,3.0,0.18,301.0
1047,307,3,2,3.0,0.23,298.0
1048,308,3,2,3.0,0.09,295.0
1049,309,3,2,3.0,0.23,292.0
1050,310,3,2,3.0,0.08,289.0
1051,311,3,2,3.0,0.22,316.0
1052,312,3,2,3.0,0.26,313.0
1053,313,3,2,3.0,0.14,310.0
1054,314,3,2,3.0,0.19,307.0
1055,315,3,2,3.0,0.2,304.0
1056,316,3,2,3.0,0.18,301.0
1057,317,3,2,3.0,0.33,298.0
1058,318,3,2,3.0,0.26,295.0
1059,319,3,2,3.0,0.08,292.0
1060,320,3,2,3.0,0.1,289.0
1061,321,3,2,3.0,0.22,316.0
1062,322,3,2,3.0,0.02,313.0
1063,323,3,2,4.0,0.22,309.0
1064,324,3,2,3.0,0.13,306.0
1065,325,3,2,3.0,0.06,303.0
1066,326,3,2,3.0,0.03,300.0
1067,327,3,2,3.0,0.19,297.0
1068,328,3,2,3.0,0.15,294.0
1069,329,3,2,3.0,0.07,291.0
1070,330,3,2,3.0,0.15,288.0
1071,331,3,2,3.0,0.02,315.0
1072,332,3,2,3.0,0.18,312.0
1073,333,3,2,3.0,0.06,309.0
1074,334,3,2,3.0,0.01,306.0
1075,335,3,2,3.0,0.02,303.0
1076,336,3,2,3.0,0.03,300.0
1077,337,3,2,3.0,0.19,297.0
1078,338,3,2,3.0,0.19,294.0
1079,339,3,2,3.0,0.3,291.0
1080,340,3,2,4.0,0.28,287.0
1081,341,3,2,3.0,0.03,314.0
1082,342,3,2,3.0,0.01,311.0
1083,343,3,2,3.0,0.15,308.0
1084,344,3,2,3.0,0.0,305.0
1085,345,3,2,2.0,0.01,303.0
1086,346,3,2,3.0,0.05,300.0
1087,347,3,2,3.0,0.05,297.0
1088,348,3,2,3.0,0.14,294.0
1089,349,3,2,3.0,0.04,291.0
1090,350,3,2,3.0,0.04,288.0
1091,351,3,2,3.0,0.11,315.0
1092,352,3,2,3.0,0.15,312.0
1093,353,3,2,3.0,0.23,309.0
1094,354,3,2,3.0,0.25,306.0
1095,355,3,2,3.0,0.12,303.0
1096,356,3,2,3.0,0.29,300.0
1097,357,3,2,3.0,0.19,297.0
1098,358,3,2,3.0,0.35,294.0
1099,359,3,2,3.0,0.27,291.0
1100,360,3,2,2.0,0.07,289.0
1101,361,3,2,3.0,0.04,316.0
1102,362,3,2,3.0,0.21,313.0
1103,363,3,2,2.0,0.12,311.0
1104,364,3,2,3.0,0.2,308.0
1105,365,3,2,3.0,0.09,305.0
1106,366,3,2,3.0,0.02,302.0
1107,367,3,2,3.0,0.31,299.0
1108,368,3,2,3.0,0.31,296.0
1109,369,3,2,3.0,0.09,293.0
1110,370,3,2,3.0,0.02,290.0
